origen,destino,codigo
/marca/vircell/,/marcas/vircell/,301
/vircell/,/marcas/vircell/,301
/marca/aesku/,/marcas/aesku/,301
/aesku/,/marcas/aesku/,301
/marca/sd-biosensor/,/marcas/sd-biosensor/,301
/sd-biosensor/,/marcas/sd-biosensor/,301
/marca/diapro/,/marcas/diapro/,301
/diapro/,/marcas/diapro/,301
/marca/binding-site/,/marcas/binding-site/,301
/binding-site/,/marcas/binding-site/,301
/marca/gold-standard/,/marcas/gold-standard/,301
/gold-standard/,/marcas/gold-standard/,301
/marca/elitechgroup/,/marcas/elitechgroup/,301
/elitech-group/,/marcas/elitechgroup/,301
/marca/genmark/,/marcas/genmark/,301
/genmark/,/marcas/genmark/,301
/marca/meridian-bioscience/,/marcas/meridian-bioscience/,301
/meridian-bioscience/,/marcas/meridian-bioscience/,301
/marca/thermo-fisher/,/marcas/thermo-fisher/,301
/thermo-fisher/,/marcas/thermo-fisher/,301
/marca/ningbo-hls-medical/,/marcas/ningbo-hls-medical/,301
/ningbo-hls-medical/,/marcas/ningbo-hls-medical/,301
/marca/genolution/,/marcas/genolution/,301
/genolution/,/marcas/genolution/,301
/marca/mp-biomedicals/,/marcas/mp-biomedicals/,301
/mp-biomedicals/,/marcas/mp-biomedicals/,301
/marca/macherey-nagel/,/marcas/macherey-nagel/,301
/macherey-nagel/,/marcas/macherey-nagel/,301
/marca/abclonal/,/marcas/abclonal/,301
/abclonal/,/marcas/abclonal/,301
/marca/abm/,/marcas/abm/,301
/abm/,/marcas/abm/,301
/marca/diasorin/,/marcas/diasorin/,301
/diasorin/,/marcas/diasorin/,301
/marca/amplyus/,/marcas/amplyus/,301
/amplyus/,/marcas/amplyus/,301
/marca/stratec/,/marcas/stratec/,301
/stratec/,/marcas/stratec/,301
/marca/celltrazone/,/marcas/celltrazone/,301
/celltrazone/,/marcas/celltrazone/,301
/marca/college-of-american-pathologist/,/marcas/college-of-american-pathologist/,301
/college-of-american-pathologist/,/marcas/college-of-american-pathologist/,301
/marca/fujirebio/,/marcas/fujirebio/,301
/fujirebio/,/marcas/fujirebio/,301
/marca/gemini/,/marcas/gemini/,301
/gemini/,/marcas/gemini/,301
/marca/genosolution/,/marcas/genosolution/,301
/genosolution/,/marcas/genosolution/,301
/marca/quidel/,/marcas/quidel/,301
/quidel/,/marcas/quidel/,301
/marca/tianlong/,/marcas/tianlong/,301
/tianlong/,/marcas/tianlong/,301
/euformatics/,/marcas/,301
/dia-mundial-de-la-tuberculosis-estrategia-end-tb-2/,/blog/dia-mundial-de-la-tuberculosis-estrategia-end-tb-2/,301
/conoce-la-actualizacion-de-los-criterios-clasificacion-del-sindrome-antifosfolipido-acr-eular2023/,/blog/conoce-la-actualizacion-de-los-criterios-clasificacion-del-sindrome-antifosfolipido-acr-eular2023/,301
/te-gustaria-diagnosticar-micobacterias-no-tuberculosas-por-biologia-molecular/,/blog/te-gustaria-diagnosticar-micobacterias-no-tuberculosas-por-biologia-molecular/,301
/conoce-la-plataforma-premium-post-analisis-de-resultados-de-seegene/,/blog/conoce-la-plataforma-premium-post-analisis-de-resultados-de-seegene/,301
/diagnostico-de-la-translocacion-t-9-22-bcr-abl-o-cromosoma-filadelfia/,/blog/diagnostico-de-la-translocacion-t-9-22-bcr-abl-o-cromosoma-filadelfia/,301
/ok-tengo-vph-y-ahora-que/,/blog/ok-tengo-vph-y-ahora-que/,301
/uff-que-bien-no-tengo-vph/,/blog/uff-que-bien-no-tengo-vph/,301
/ok-tengo-vph-y-ahora-que-2/,/blog/ok-tengo-vph-y-ahora-que-2/,301
/sabes-si-te-encuentras-en-riesgo-de-padecer-de-cancer-de-cuello-uterino/,/blog/sabes-si-te-encuentras-en-riesgo-de-padecer-de-cancer-de-cuello-uterino/,301
/recomendaciones-realizadas-por-expertos-de-eflm-easi-e-icap-para-la-deteccion-de-los-anticuerpos-antinucleares-ana/,/blog/recomendaciones-realizadas-por-expertos-de-eflm-easi-e-icap-para-la-deteccion-de-los-anticuerpos-antinucleares-ana/,301
/pruebas-de-laboratorio-para-enfermedades-vacunables/,/blog/pruebas-de-laboratorio-para-enfermedades-vacunables/,301
/sobre-la-tuberculosis-en-colombia-al-2020/,/blog/sobre-la-tuberculosis-en-colombia-al-2020/,301
/resolucion-227-de-2020-del-ministerio-de-salud-y-proteccion-social/,/blog/resolucion-227-de-2020-del-ministerio-de-salud-y-proteccion-social/,301
/kits-para-ngs-next-generation-sequencing-preparacion-de-librerias/,/blog/kits-para-ngs-next-generation-sequencing-preparacion-de-librerias/,301
/enfermedades-renales-autoinmunes/,/blog/enfermedades-renales-autoinmunes/,301
/cups-2023-en-quimiolab/,/blog/cups-2023-en-quimiolab/,301
/diagnostico-de-aspergilosis-invasiva-ai-el-resultado-confiable-justo-cuando-lo-necesita/,/blog/diagnostico-de-aspergilosis-invasiva-ai-el-resultado-confiable-justo-cuando-lo-necesita/,301
/sobre-la-tuberculosis/,/blog/sobre-la-tuberculosis/,301
/lo-que-debes-saber-sobre-vph/,/blog/lo-que-debes-saber-sobre-vph/,301
/servicios-y-productos-ofrecidos-de-la-marca-abm-applied-biomedical-materials-inc-canada-2/,/blog/servicios-y-productos-ofrecidos-de-la-marca-abm-applied-biomedical-materials-inc-canada-2/,301
/servicios-y-productos-ofrecidos-de-la-marca-abm-applied-biomedical-materials-inc-canada/,/blog/servicios-y-productos-ofrecidos-de-la-marca-abm-applied-biomedical-materials-inc-canada/,301
/vih-como-problema-de-salud-publica/,/blog/vih-como-problema-de-salud-publica/,301
/cargas-virales/,/blog/cargas-virales/,301
/12-de-octubre-dia-mundial-contra-la-artritis/,/blog/12-de-octubre-dia-mundial-contra-la-artritis/,301
/sabias-que-la-causa-mas-frecuente-de-trombosis-adquirida-es-el-sindrome-antifosfolipido-o-sindrome-de-anticuerpos-antifosfolipido/,/blog/sabias-que-la-causa-mas-frecuente-de-trombosis-adquirida-es-el-sindrome-antifosfolipido-o-sindrome-de-anticuerpos-antifosfolipido/,301
/sabias-que-en-colombia-6-357-adultos-atendidos-en-el-marco-del-sistema-de-seguridad-social-del-pais-tienen-algun-tipo-de-leucemia-1/,/blog/sabias-que-en-colombia-6-357-adultos-atendidos-en-el-marco-del-sistema-de-seguridad-social-del-pais-tienen-algun-tipo-de-leucemia-1/,301
/participacion-evento-organizado-por-agrosavia/,/blog/participacion-evento-organizado-por-agrosavia/,301
/dengue-una-mirada-introspectiva/,/blog/dengue-una-mirada-introspectiva/,301
/sabias-que-monkey-pox/,/blog/sabias-que-monkey-pox/,301
/descentralizando-el-diagnostico-molecular-de-enfermedades-infecciosas/,/blog/descentralizando-el-diagnostico-molecular-de-enfermedades-infecciosas/,301
/dia-mundial-de-la-alergia-julio-8/,/blog/dia-mundial-de-la-alergia-julio-8/,301
/dia-internacional-de-accion-por-la-salud-de-las-mujeres/,/blog/dia-internacional-de-accion-por-la-salud-de-las-mujeres/,301
/17-de-mayo-dia-mundial-de-la-hipertension-arterial/,/blog/17-de-mayo-dia-mundial-de-la-hipertension-arterial/,301
/hemofilia-estamos-listos-para-la-terapia-genica/,/blog/hemofilia-estamos-listos-para-la-terapia-genica/,301
/sobre-los-algoritmos-de-la-resolucion-227-de-2020-lineamientos-tecnicos-y-operativos-del-programa-nacional-de-prevencion-y-control-de-la-tuberculosis/,/blog/sobre-los-algoritmos-de-la-resolucion-227-de-2020-lineamientos-tecnicos-y-operativos-del-programa-nacional-de-prevencion-y-control-de-la-tuberculosis/,301
/enfermedades-huerfanas-en-colombia-raras-pero-no-invisibles/,/blog/enfermedades-huerfanas-en-colombia-raras-pero-no-invisibles/,301
/entrevista-a-la-doctora-maria-fernanda-rios/,/blog/entrevista-a-la-doctora-maria-fernanda-rios/,301
/una-mirada-al-cancer-infantil-en-colombia/,/blog/una-mirada-al-cancer-infantil-en-colombia/,301
/covid-19-y-mascotas-puede-ocurrir-la-transmision/,/blog/covid-19-y-mascotas-puede-ocurrir-la-transmision/,301
/cancer-en-colombia-como-vamos/,/blog/cancer-en-colombia-como-vamos/,301
/deteccion-de-autoanticuerpos-en-la-hepatitis-autoinmune-mediante-ifi-una-aproximacion-a-su-interpretacion-y-utilidad-clinica/,/blog/deteccion-de-autoanticuerpos-en-la-hepatitis-autoinmune-mediante-ifi-una-aproximacion-a-su-interpretacion-y-utilidad-clinica/,301
/diagnostico-molecular-la-necesidad-de-su-descentralizacion-y-democratizacion-en-colombia/,/blog/diagnostico-molecular-la-necesidad-de-su-descentralizacion-y-democratizacion-en-colombia/,301
/que-hay-de-nuevo-con-la-nomenclatura-y-clasificacion-icap-para-anticuerpos-antinucleares/,/blog/que-hay-de-nuevo-con-la-nomenclatura-y-clasificacion-icap-para-anticuerpos-antinucleares/,301
/presente-y-futuro-de-la-secuenciacion-de-nueva-generacion-en-trastornos-del-espectro-autista/,/blog/presente-y-futuro-de-la-secuenciacion-de-nueva-generacion-en-trastornos-del-espectro-autista/,301
/euformatics-continua-la-expansion-de-su-red-comercial-a-traves-de-acuerdo-de-distribucion-con-quimiolab/,/blog/euformatics-continua-la-expansion-de-su-red-comercial-a-traves-de-acuerdo-de-distribucion-con-quimiolab/,301
/efectividad-de-las-vacunas-contra-las-variantes-de-preocupacion-del-sars-cov-2/,/blog/efectividad-de-las-vacunas-contra-las-variantes-de-preocupacion-del-sars-cov-2/,301
/dia-internacional-de-la-lucha-contra-el-uso-indebido-de-drogas/,/blog/dia-internacional-de-la-lucha-contra-el-uso-indebido-de-drogas/,301
/dia-mundial-del-donante-de-sangre/,/blog/dia-mundial-del-donante-de-sangre/,301
/dia-mundial-de-la-esclerosis-multiple/,/blog/dia-mundial-de-la-esclerosis-multiple/,301
/dia-mundial-del-lupus/,/blog/dia-mundial-del-lupus/,301
/feliz-dia-a-los-profesionales-en-bacteriologia-28-abril/,/blog/feliz-dia-a-los-profesionales-en-bacteriologia-28-abril/,301
/dengue-y-chikungunya/,/blog/dengue-y-chikungunya/,301
/dia-mundial-contra-la-tuberculosis-situacion-actual-en-colombia-y-normatividad-vigente/,/blog/dia-mundial-contra-la-tuberculosis-situacion-actual-en-colombia-y-normatividad-vigente/,301
/covid-19-sars-cov-2-herramientas-diagnosticas-recomendaciones-de-toma-de-muestra/,/blog/covid-19-sars-cov-2-herramientas-diagnosticas-recomendaciones-de-toma-de-muestra/,301
/quimiolab-qpcr-e-interpretacion-de-resultados/,/blog/quimiolab-qpcr-e-interpretacion-de-resultados/,301
/operatividac-nextractor-de-genolution/,/blog/operatividac-nextractor-de-genolution/,301
/entrenamiento-nextractor-genolution-quimiolab/,/blog/entrenamiento-nextractor-genolution-quimiolab/,301
/linea-diagnostico/,/soluciones/diagnostico/,301
/productos-linea-diagnostico/,/soluciones/diagnostico/productos/,301
/equipos-linea-diagnostico/,/soluciones/diagnostico/equipos/,301
/linea-diagnostico-molecular/,/soluciones/diagnostico-molecular/,301
/productos-linea-diagnostico-molecular/,/soluciones/diagnostico-molecular/productos/,301
/equipos-linea-diagnostico-molecular/,/soluciones/diagnostico-molecular/equipos/,301
/linea-investigacion/,/soluciones/investigacion/,301
/productos-linea-investigacion/,/soluciones/investigacion/productos/,301
/equipos-linea-investigacion/,/soluciones/investigacion/equipos/,301
/linea-point-of-care/,/soluciones/point-of-care/,301
/productos-linea-point-of-care/,/soluciones/point-of-care/productos/,301
/equipos-linea-point-of-care/,/soluciones/point-of-care/equipos/,301
/categoria-producto/diagnostico/,/soluciones/diagnostico/,301
/categoria-producto/diagnostico-molecular/,/soluciones/diagnostico-molecular/,301
/categoria-producto/investigacion/,/soluciones/investigacion/,301
/categoria-producto/point-of-care/,/soluciones/point-of-care/,301
/sample-page/,/,301
/offerings/,/,301
/tienda/,/productos/,301
/carrito/,/productos/,301
/finalizar-compra/,/productos/,301
/mi-cuenta/,/contactenos/,301
/home/,/,301
/etiqueta-producto/producto/,/productos/,301
/etiqueta-producto/producto-sd/,/productos/,301
/etiqueta-producto/equipo/,/productos/,301
/etiqueta-producto/standard-f/,/productos/,301
/etiqueta-producto/standard-q/,/productos/,301
/etiqueta-producto/standard-m/,/productos/,301
/etiqueta-producto/standard-e/,/productos/,301
